model,MAE,RMSE,MAPE
seasonal_naive,72618.28571428571,79220.78477719269,25.827534903910376
holt_winters,37368.79129405237,40360.19661676917,13.10333773901689
sarima_auto,30277.916844349722,34991.86419915996,10.573428247674947
prophet,32562.969285370364,36289.46081642301,11.446229217279054
